source_file	sheet
card_cs-pack.xlsx	card_cs
-	-
spell_cs-pack.xlsx	spell_cs
-	-
unit_cs-pack.xlsx	unit_cs
card_cs-pack.xlsx	card_cs
-	-
spell_cs-pack.xlsx	spell_cs
card_cs-pack.xlsx	card_cs
spell_cs-pack.xlsx	spell_cs
unit_cs-pack.xlsx	unit_cs
unit_cs-pack.xlsx	unit_cs
card_cs-pack.xlsx	card_cs
-	-
spell_cs-pack.xlsx	spell_cs
-	-
unit_cs-pack.xlsx	unit_cs
card_cs-pack.xlsx	card_cs
-	-
spell_cs-pack.xlsx	spell_cs
card_cs-pack.xlsx	card_cs
spell_cs-pack.xlsx	spell_cs
unit_cs-pack.xlsx	unit_cs
unit_cs-pack.xlsx	unit_cs
