编号	是什么	为什么	出处	何时消除
D8	字体不是原版 Supercell 位图字体（引擎 `DefaultFont()` = `LegacyRuntime`）	A 的字体文件**不在解包素材内**，只有一张 `font/debug.png`	`原版资源/cr-assets-png/assets/font/`；五面板 audit 的 `font=LegacyRuntime`	拿到 A 的字体资源后改 `UIFactory.DefaultFont()` 一处
D24	小字 `FontSmall = 24` 是**过渡值**，原版未量到	A 面板里小字（`#0GJR08UG` 之类）太细，量取窗口与背景对比不足 ⇒ **不编数**	`client/Assets/Scripts/UI/CrUiStyle.cs:197-204`	拿到更清晰的基线图后重新量取
D51	单位动画·attack 区间 = **9 视角的并集**（非按视角单段）；单条 clip 时长舍入 ≤0.8%	素材无「帧下标 → anim 档位」分段清单（`AnimRanges` 取 `单位帧段表.md` 方案②「连续主块」）；帧率按"单条 clip 时长 = `hit_speed_ms`"标定 ⇒ 攻击档窗口内只播到首条 clip	V1 片实测（已折入本表 §1.1 V1-S28-1）；`策划/单位动画分组表.md`	拿到逐条 clip 分段（方案①「按 clip 播」）后只填 `AnimRanges`
D67	UI 图元·`PanelPaper*` 5 键（806 / 807 / 808 / 811 / 812）的 **9-slice 方位无法判定**	这 5 个 shape**不被任何 `0c` 动画引用** ⇒ 原版没给它们名字；`.sc` 的 `0c` 三元组语义未解出 ⇒ 方位无权威依据。实际影响 = 0（`CrUiStyle.ContentPanel` 只引 806，**未引** 807/808/811/812）	 B1~B5；`ResPaths.cs:196-209`	解出 9-slice 几何或拿到原版布局数据
D74	证据缺口·`.sc` 的**绝对屏幕像素未解出**（root 局部系 ≠ 手机屏系）	`0c` 的 cnt1 三元组语义未解出、无参考实现可依 ⇒ 只能做**相对步进**互证（见 `对照表.md` A54）；绝对坐标需引擎侧布局代码或用户给锚点	`策划/原版UI布局坐标.md` §5 F1	解出 `0c` cnt1 语义 / 拿到原版锚点表
D102	13 个目录共 1608 个 shapeID 真悬空（不产帧），其中 `ui` 1494 个未归因	AT1 判据：悬空 id 既不落在 shape 表也不落在 clip 表（多文件 bundle 加载关系未解）	 §4；`.ai-tmp/test/AT1-resolve.json`	解出 bundle 加载关系后重跑 AT1
D114	对局**渲染落后服务端 200ms**（= 2 个快照间隔的抖动缓冲）	CR-T4 修"换窗时刻绑在包到达上"时引入：手里多握一格快照 ⇒ 到达抖动 ±半个间隔也推不动正在渲染的窗口；代价是画面比服务端晚 200ms	`client/Assets/Scripts/View/BattleViewRoot.cs`（`RenderLagIntervals = 2f` 及注释）；`.ai-tmp/test/T3-flow-cr4-after.tsv` 的 `bufLagMs` 155~263	**无原版出处**（工程推理，非量取值）⇒ 待拿到原版客户端的延迟口径后重标
D117	出牌落地特效的**素材选型 = f119（`deploy_arrows_effect`）**，**不是** f258（`filter_deploy_unit_*`）；且 9 张基线图/参考图里**找不到**「某单位刚落地」的那一帧 ⇒ ⛔ 没有原版落地录像可作判据	f258 被**十几组滤镜共用同一帧**（`filter_deploy_unit_default/ghost/legendary/miner/skeleton` + `filter_cold` / `filter_damage_*` / `filter_hologram` / `filter_poison` …），像素内容是**一个哥布林本体形象**（探针实测：画布 474×537、不透明像素 3629、bbox (215,222)-(288,306)）⇒ 把它当独立落地特效播，会在**任意卡**的落点上画出一个哥布林；f119 才是独立 spawn 特效（**绿色上箭头**：不透明 bbox (233,279)-(266,316)=34×38、主色 (112,236,56)）。另：用 f119 主色在基线/参考图上机械扫描（±45 容差 / 2px 步长）**找不到**可作判据的落地箭头 —— 03 的 2874 个命中集中在底部 UI 区、05 的 20 像素是木桶/木桩上的绿标记、06 的 43、09 的 668 是哥布林本体绿、10 的 39 ⇒ 无原版落地画面可对。时长取 **1.0s 定格**（不是 1/14 秒一闪而过），理由见 `EffectsView.Node.Hold` 注释（该类效果的时间轴是**同一像素帧重复 N 次**：16 条 timeline 全指向 f119 @60fps）	`策划/单位动画分组表.md:5021`（f119 = deploy_arrows_effect｜clip 354｜60fps｜timeline 16 条全指向 f119｜档位=spawn）/ `:5143-5167`（filter_deploy_unit_* 与十余个滤镜共用 f258）；`策划/策划案/皇室战争参考规格.md:156`（deploy_time 1000ms）；探针 `tools/probes/copy-fx-assets.py`；实机自然帧 `.ai-tmp/screenshots/D132-fx-natural-0.png` + `.ai-tmp/test/D132-live-evidence.txt`	拿到原版「出牌落地」的实机录像/截图（能看出落地那一下贴的是哪一帧）后重判；当前选型 = f119
D121	`chr_giant_out` **蓝方（主套）** 的 `attack` clip 只有 **10 帧、且是隔帧取**（frame `80,82,84,…,98`，间隔 2）；而**红方（敌套）** 同档 `giant1_enemy_attack1_5` 是 **20 帧连续**（`80-99`）⇒ 蓝方巨人挥砍只有红方一半帧数（本工程用蓝方主套 ⇒ 实际播 10 帧）	资产原样，非本片解析错误：clip 段表里 `giant1_attack1_5`（clip 653）`n_raw=10 / n_frames=10 / expanded=False / n_dangling=0 / n_missing_png=0`，而 `giant1_enemy_attack1_5`（clip 577）`n_raw=19 / expanded=True / n_frames=20`（含嵌套 movieclip 展开）；生成表的断言（每档 `Runs` 必须完整等于某一条 clip 的 `runs`）对该行**判绿**。⚠️ **是否符合原版蓝方巨人挥砍表现未取证**：9 张基线/参考图里没有"蓝方巨人正在攻击"的画面可对	`.ai-tmp/test/D129b-clip-segments.tsv`（`chr_giant_out / attack / side=main, clip 653` vs `side=red, clip 577`）；`client/Assets/Scripts/View/UnitAnimTable.cs` 的 `chr_giant_out` attack 行（`Runs = new[]{ 80,1,82,1,…,98,1 }`、`Source = giant1_attack1_5｜clip 653｜视角 5｜main`）；逐帧序列 `.ai-tmp/test/D129b-frames-seq.tsv`；实机采样到该档（`.ai-tmp/test/D129b-live-evidence.txt` step 6/7 `dir=chr_giant_out anim=2 frame=98`）	`BLOCKED(缺 原版蓝方巨人攻击画面)`：找到原版蓝方巨人挥砍的实机帧序列（或解出 `.sc` 的 `0c` colorIdx / 放置矩阵后重判"隔帧"是原设计还是解包残缺）
D122	`knight` / `musketeer` / `archer` 的 **attack clip 首帧 = 该目录的 idle 帧**（`112` / `319` / `76`）⇒ 攻击动画会先显示 1 帧**站姿**再进入挥砍（knight 的 `hit_speed_ms=1200` 里有 80ms 是站姿）	资产原样（非本片解析错误）：这三个目录 attack clip 的 `runs` 首段就是那 1 帧（`112,1` / `319,1` / `76,1`），且同 clip 内不跨视角（断言判绿）。⚠️ 未取证这 1 帧是原版的「起手/蓄力帧」还是解包时把 idle 帧并进了攻击 clip	`.ai-tmp/test/D129b-clip-segments.tsv`（`chr_knight_out/attack/main` clip 535 `runs=112,1,415,14`；`chr_musketeer_out` `319,1,364,10`；`chr_archer_out` `76,1,101,5`）；逐帧序列 `.ai-tmp/test/D129b-frames-seq.tsv`	`BLOCKED(缺 原版攻击首帧判据)`：从原版实机量"挥砍起手是否有一帧站姿"；或 `.sc` 的 clip 首帧 shapeID 与 idle shapeID 逐值比对（需要 clip 的 shapeID 原值，本片未取）
D124	塔阵亡废墟的两帧（`Tower_destroyed_ground1/2`）是**按队伍**分的（蓝 = 记录序 207 / 红 = 205），**不是**按塔型分；`.sc` 里**没有王塔专属废墟** ⇒ 国王塔复用公主塔尺寸的废墟（本片唯一可用素材下的近似）	三条互相独立的证据（都可复跑）：① **数量**：1v1 只有两帧废墟，却要覆盖 {蓝王,红王,蓝公,红公} 四种组合 ⇒ 两帧只能覆盖**一个**维度；废墟两帧的均色几乎相同（205 r−b=**+42.8** / 207 r−b=**+40.7**，都是中性暖色石木色），而塔体 art 的阵营色是**烘焙**的（rec211 r−b=+32.7 红 / rec213 r−b=−3.3 中性偏蓝，见 `ArenaView.cs` 顶部 CR-T1b 段）⇒ 废墟 art 不带阵营色，「按队伍分帧 + 两型塔共用」在画面上自洽。② **命名惯例**（同一文件内 6 组互证）：本 `.sc` 里 `_01`=**BLUE**、`_02`=**RED** —— `kingtower_goldrush_01` 取蓝段 rec 30-47/99-161、`_02` 取红段 15-28/30-97；`kingtower_pump_01/02`、`kingtower_gemrush_01/02`、`kingtower_xmas_01/02` 同形；四组 `princesstower_*_01_top`(rec 高)/`_02_top`(rec 低) 也与 `StarTower_top_blue`(rec 8) > `StarTower_top_red`(rec 7) 同序。③ **地脚线**（与宽度无关的独立量）：量每张 art 「墙基下沿」（该行宽度骤降的那一行）—— 王塔 rec213=**292** / rec211=**292**；公主塔 rec10=**276** / rec9=**276**；两帧废墟=**275**(205) / **270**(207) ⇒ 两帧废墟都落在**公主塔的地脚线**上（差 1~6 px），没有一帧贴王塔（差 16~22 px）⇒ 它们不是「一王一公」，而是同一型塔的两个队伍变体。⚠️ 反向的读法（「王=205/公=207」按最大宽比值配）在「最大宽 / 本型 art 最大宽」这个比值上看着更自洽（离散 0.059 vs 0.201），但那要先假设「两帧不同型」，是循环论证 ⇒ 只登记、不作依据。缺口：`.sc` 无 `KingTower_destroyed`/`StarTower_destroyed` 一类王塔专属废墟；`策划/基线图/` 与 `策划/参考图/`（03/04/05/06/08/09/10/20/21/22/23 逐图裁过，产物 / `-bot.png`）**没有一张含已阵亡的塔**（对局图都在开局）可交叉核对	（§A-D = export/clip/placement 全表，§F = meta 子精灵 + alpha 紧框 + 底 15% 带 + 地脚线 + 方案对比）⇒ `.ai-tmp/test/CR-D133-tower-ruin.txt` / `.json`；配对叠加图 ⇒ `.ai-tmp/test/CR-D133-ruin-pairing.png`；实机 `.ai-tmp/drivers/D133-tower-drive.cs`（按帧号/队伍打印每块废墟的 sprite 名 + rect + localPos + enabled）；代码 `client/Assets/Scripts/View/ArenaView.cs` 的 `BlueTowerRubbleFrame` / `RedTowerRubbleFrame` / `FramesByNumber` / `CanvasOffsetPx` / `CreateRubbleLayers` / `TowerView.SetTowerLayersEnabled`	BLOCKED(缺 王塔专属废墟帧 + 缺含已阵亡塔的原版对局图)：拿到原版王塔阵亡画面（或 `.sc` 里出现王塔专属 destroyed export）后，按「王塔/公主塔各自取帧」重标；当前实现把唯一可用的两帧按队用，并按实机截图逐塔核过
D126	部分目录的「视角号 ↔ 帧段排布」**互相矛盾**（同一动作的 9 个视角帧在 `.sc` 里不是按 `_1…_9` 连排）⇒ 这些目录的**逐视角选择不可信**	独立于像素判据的"素材打包顺序"判据（`d129b-gen-anim-table.py` 的 `layout_check()`）：原版把同一动作的 9 个视角按视角号**连排**，故该 (目录,档位) 的 9 个帧段**起点**应随视角号单调（允许相邻等值）。实测 138 个「9 视角齐全」的 (目录,档位) 里**自洽 116（84%）**、**不自洽 22**；典型：`chr_electro_wizard_out` walk `[120,32,96,24,16,8,56,0,40]`、`chr_ice_wizard_out` walk `[114,42,98,34,26,18,66,10,0]`、`chr_goblin_archer_out` walk `[70,60,50,40,30,20,98,10,0]`、`chr_bowler_out` idle `[103,101,301,99,97,95,93,300,91]`、`chr_golem_out` attack `[297,287,277,267,1,1,1,1,1]`。可能是解包把不同动作/不同角色的 clip 归进了同一视角组，或该动作本就"每视角一帧不同姿势"	`.ai-tmp/test/D129b-clip-segments.tsv`（逐视角帧段的原始数据）+ `tools/probes/d129b-gen-anim-table.py` 的 `layout_check()`（`--selftest` 会打印**全量清单**，落 `.ai-tmp/test/D129c-gen-table.log`）；该判据与像素判据**互相独立**	`BLOCKED(缺 原版「谁是视角 N」的权威标注)`：本表仍按 `.sc` 的 `view` 列**如实写出**（出处一致，⛔ 不臆改其值）；要修得先有原版客户端/录像的逐帧视角对照，或 `.sc` 里 clip 视角语义的原始字段
D182	**参考图定标（本轮多锚互证）：横向可用、竖向不可用**。图 `04` 横向 **86.8 ± 0.5 px/格**（三条互证：① 同侧两座公主塔血条中心间距 954.5 px = 11 格，塔位出处 cr-sim `engine/arena.py` 模块注释 + 本项目 `server/game/core/core_test.go:44-45`；② 红/蓝两行的血条 x 中心完全一致 ⇒ 无水平透视；③ 地板砖纹沿 x 周期 172 px = 2 格（若当 1 格则 11 格 > 场地宽 18 格））；图 `03` = 90.3（同锚法）；图 `20` = 57.5（地板棋盘 115 px = 2 格，且与塔距自洽）。**竖向** = 横向 × **0.94**：由同一批塔位（两行公主塔相距 19 格）在 3 张图上独立量得 **80.66 / 83.76 / 82.13 px/格**（对应横向 86.77 / 88.32 / 87.80，比 **0.930 / 0.948 / 0.936**），且证得**竖向比例与 y 无关**（上行/下行牌 x 间距与牌尺寸相等、地板沿 x 周期恒定 ⇒ 正交投影）。旧读 0.81（砖纹）已证**不可当格尺**（y 周期 139 px = 1.72 格，非整格）、0.85（场地边界目视）在 `04` 上不成立（场地被屏裁）⇒ 均**不作数**⚠️ **范围**：该 15% 实测**出自对局图 `04` 的战场纵深透视取景** ⇒ **对局图里的竖向读数只能就地用**；**UI 截图（`07`/`24`）是平面像素网格、各向同性**，同图等比缩放**不引入各向异性**，真正的问题是**倍率把量取误差同步缩放**（`07`→1080 = 0.8696×〔采样比 ≈1.15×〕、`24`→1080 = k=2.164）⇒ 这类读数**保留原值 + 注明来源图与倍率**。	用于纠正「参考图一律按 86.73 px/格（单一横向锚）换算」的既有做法：**横向读数可信，竖向⛔不许按横向换算**；同时说明既有用**横向**量 PEKKA/Giant 剪影的结论不受影响。⛔ 场地宽 18 格 / 河面 2 格 / 公主塔占地 3 格三个锚**量不出**（分别被装饰边界、熔岩亮芯与不可分割的塔体挡住），如实登记为缺口	量法 = `.ai-tmp/test/ux2-tower-rows.py` → `ux2-tower-rows.txt`；砖纹周期 = `ux2-anchors.py`[C] 段；塔位出处 = `原版资源/cr-sim/cr_sim/engine/arena.py` 模块注释 + `server/game/core/core_test.go:44-45`；全部读数 = `.ai-tmp/test/ux2-report.md` §1	拿到独立竖向锚（例如可分割的塔体/场地边界的干净分割、或官方的屏坐标口径）后；或用户提供某界面某元件的绝对坐标 量法脚本与读数：`.ai-tmp/test/ux2-*.py` / `ux2-*.txt`（可复跑）。 另一次**竖向定标**尝试（桥板跨 2 格河）同样**不作数**：桥心列竖直剖面呈多条带（暗褐 1250-1325 → 亮金熔岩 1330-1375 → 浅鲑 1380-1420 → 混色蓝 1425-1465 → 浅鲑 1470-1495），无可辩护的归属规则 ⇒ 一并并入本条（原建议的 D185 不再单立）。
D183	**建筑贴图逐单位缩放：口径未立（未落表）**。已部署建筑（`unit.tsv` 的 10 个 kind=1 卡，`sprite_dir = building_*_out`）目前**恒按 1.0**。本轮解出的规则（`.sc` 的 `0x12` 里只取「多边形与图集矩形 1:1 贴图」的形状，判据 `0.9 ≤ upp_x/upp_y ≤ 1.1`，取可用子集 `upp` 中位 ÷ 10）在**部队**上复现了已落地表值（PEKKA/Musketeer/Barbarian/Archer/Valkyrie 差 ≤0.2%，Giant −3.4%），但**对建筑不成立**：`.sc` 侧 8/10 可过「条数 ≥3 且 p75/p25 ≤1.10」（如 `basic_cannon` 27 条、`upp` 13.05–13.08），**素材侧**却全线闭合不了 —— `building_*_out` 是**多子图目录**（`building_goblin_hut_out` 帧宽中位 42 px / 最宽帧 169 px），「帧宽中位」≠ 建筑宽度，于是「`.sc` 多边形宽 ↔ 我方素材 px 宽」没有可配对的量（闭环比 −2%…−73%，部队对照 +0.6%…+2.7%）	⛔ 不许把不可信读数塞进工程 ⇒ 本轮**试落的 8 项已撤回**（`UnitView.cs` 相对提交版只剩注释改动）。缺的两样：① 建筑素材**主体帧的裁剪口径**（哪张 PNG 是本体、与建筑几何的关系）；② `.sc` 侧 `0x0C` 的 `childIndex` → shape 的**绑定图**（本项目探针 `tools/probes/sc-placement.py` 只解析 `00/01/08/0c/12/18`；`building_tombstone_v215.sc` 有 126 条未识别 `09`、`building_tower_v215.sc` 有 22 条 `09` + 2 条 `0f`）	量法 = `tools/probes/sc-placement.py` + `.ai-tmp/test/ux2-rule-upp.py` / `ux2-rule-land.py` / `ux2-verify.py`；读数 = `.ai-tmp/test/ux2-report.md` §2；可部署建筑清单 = `server/game/table/tsv/unit.tsv`（kind=1，10 个 `building_*_out`）	拿到建筑素材主体帧口径 或 `.sc` 的子节点绑定记录后；或用户实机并排复核指出某建筑明显偏小
D196	底栏**几何**（导航带高 172.8、4 条页签边界 180.7/362.2/716.4/897.8）仍**只出自 12 号图**	该 4+1 个数值在 `ui_v215.sc` 的放置表里**读不出**：① 导航带高被 `menu_bottom_tab_bg`(clip 4441) 的 `bg_height`(oid 2819)/`gap_height`(oid 2820) 两个 **tag 0x19（textfield）** 对象参数化（矩阵里给的是被拉伸的填充条，帧 270 拉到 sy=-4.03）；② 5 个页签的 x 由**运行期布局代码**排布，`.sc` 里没有容纳 5 个页签的容器 clip（`menu_bottom_*` 全是单件模板）；③ `Menu_topLayer`(4539) 只有 `left_top`/`right_top`/`profile_strip` 三件，**没有**顶带 78/38 两条分带的对应元件；④ 资料页无"面板本体 + 内容框"成对元件（面板底 `profile_bg`=clip 3464 也是被拉伸的渐变）⇒ `.sc` 与 12 号**不冲突而是缺失**，不能用 `.sc` 替换	`.ai-tmp/test/ux-find-report.md` §7.2（读得出的局部坐标：left_top/right_top = ∓384、profile_button y=97.4、menu_bottom_divider sy=1.3604）与 §7.3（逐项读不出的原因）；0x19 格式三份本地源均只跳过（`tools/probes/sc-layout.py` 不含 1a；`sc-anim-index.py` 与 `scdfull/sc_decode.py` 原文 `elif DataBlockTag == "1a": continue`）⇒ 下一步须从 `sc-workshop/SupercellSWF-Animate` 或官方 SWF 规范取 0x19 结构；⛔ 不猜格式	拿到能过「由 `.sc` 引用的图元逐像素比 ≥0.8」的 1080 宽同版主菜单截图（或解出 0x19 textfield 里的常量）后
D199	**竖向定标（跨图同锚，穷举 6 条锚）**：对局整屏图的竖向 px/格**有单值、且是每图一个常数**。用「塔血条左端的金色等级牌」定位血条行（`策划/对照表.md:1021` U5 已确证该图元），量「同侧两座公主塔异行血条 y 心距 ÷ 19 格」：图 `04` = **80.66 px/格**（横向 86.77，比 **0.930**）、图 `05` = **83.76**（横向 88.32，比 **0.948**）、图 `06` = **82.13**（横向 87.80，比 **0.936**）；三图互证同一条判据（牌心对 x 中点 559.75/559.75/558.75 恒定）。**竖/横 = 0.94 ± 0.01，恒小于 1，且与 y 无关**（三条同图独立检查：上行/下行牌 x 间距相等 ≤0.26%、牌尺寸相等 60×48/60×47、`04` 地板沿 x 周期在 y620..1300 恒为 172 px ⇒ 正交投影、深度无缩放）。**10 张对局图只有 `04`/`05`/`06` 含此锚**；`03`（极限放大无塔）、`08`/`09`/`10`（无成对金等级牌）量不出	用于纠正「竖向按 0.81–0.93 或按横向换算」的既有做法：**竖向必须逐图用自己的塔锚定标（竖向 = 横向 × 0.94）**；⛔ 跨图 px/格不可互换（三图横向 86.77/88.32/87.80 各不同）。⛔ 另 5 条锚全部量不出，逐条理由：河面 2 格（熔岩辉光渐变无硬边）/ 王塔行 3 格（`04` 两侧王塔被屏裁，中央只有单位血条）/ 桥板 2×2 格（桥区全为前景，分不出木面）/ 地板图案（x 周期 172 = 2 格但 y 周期 139 = 1.72 格，非整格 ⇒ 不可当尺）/ `.sc` twips 绝对屏坐标（`HUD_player` 局部 y 与 18 图实测给出 0.751 与 1.381 px/unit 两个矛盾换算 ⇒ 局部系非屏系，同 F1/BLOCKED）	量法 = `.ai-tmp/test/vcal-badge.py`（主）+ `vcal-anchor2.py`（剖面 `prof` / 自相关 `ac`）+ `vcal-rows.py`（全图候选行）；读数 = `.ai-tmp/test/vcal-badge.txt`、`vcal-gp04-{top,bot}.txt`、`vcal-prof-05-{top,bot}.txt`、`vcal-ascii-{03,05,06,08,09,10}.txt`；塔位出处 = `原版资源/cr-sim/cr_sim/engine/arena.py` 模块注释 + `server/game/core/core_test.go:44-45`；金等级牌出处 = `策划/对照表.md:1021`（U5）	拿到一张**含王塔血条且场地未被裁**的对局整屏（可把「3 格」这条独立锚也量出来），或拿到 `04`/`05`/`06` 的相机参数（可把 0.930–0.948 的漂移钉死）
D220	区域显示（拖卡时不可放置区）：**12 件原版图元已全部接线**（含凹角塞子）；残余 = `.sc` 的 placement 颜色变换（ctId）	**接线面已齐**：`deployArea_base`(251) + `side_*`(241-244) + `corner_*`(247-250) + `innerCorner_*`(245/246) 全部在场并逐格自检通过 —— 基线 126 quad（含 8 个凹角塞子）、敌方左公主塔阵亡后 144 quad（含 10 个 = 8 + 口袋区两个凹角 (9,17)/(9,25)），两次 `ASSERT_COVER blockMiss=0 freeCovered=0`（blockedCells/coveredCells = 325/325、249/249）。**残余**：原版的「不可放置区整片着色」（参考图 22 里敌方半场整片压暗）来自 `.sc` 的 placement 颜色变换（ctId），`ct-blend-cross.txt` 里 `ui` 的 `deployArea_*` clip 一条记录都没有 ⇒ 未解出；底色只用原版像素自带 alpha(23/255≈9%)，⛔ 未叠加任何自定色。另：凹角处的几何由塞子补齐（本轮实测 (9,17)/(9,25) 两个凹角各有 1 个塞子），剩余 1 px 级差属观感	代码 `client/Assets/Scripts/View/DeployAreaView.cs`（`EmitInnerCorners`/`PutInnerCorner`/`Frames` 11 帧）；实机读数 `.ai-tmp/test/arena2-live.txt`（`AREA ... spritesCached=11` + 两次 `ASSERT_COVER`）；实机图 `.ai-tmp/screenshots/arena2/AR2-area-before.png`；量法 `.ai-tmp/test/arena2-run.ps1` + `.ai-tmp/drivers/arena2-drive.cs`	拿到 `.sc` 的 placement ctId（颜色变换记录）后；或原版布局坐标（`08` 矩阵 / `0c` 三元组）解出后
D235	外圈（场地两端之外）：**已落地**（12 件原版件）；**两侧金框 = 不在本包**（保留）	① **两端外圈已落地**（围栏 2 排 + 崖壁 4 件 = 12 件，见 `ArenaView.BuildOuterRing`/`BuildFenceRow`），本轮实机复核：`OUTER_RING count=12`，逐件 tile 矩形与登记值逐条相符（围栏 f017-f020 铺满格 0..18、崖壁 f004/f005 两端各一组、近端 flipY）。② **两侧金框不在本包**：穷举 `arena_training_v215.sc` 全部 23 条导出（`training_area_bg` 2 帧 + 4 围栏 + 7 崖块 + 4 树 + 图集 1 + 崖壁 2 + 灌木 2 + 石饰 2）**没有任何两侧件**（无 sidestand / 无金框 / 无 endwall）；金框属 **royal 竞技场**（`royal_sidestand_left/right` 等），⛔ 不跨场混用。本工程竞技场 = **训练场**，与参考图 `20` 同一座：实测参考图 `20` 的 cols55..68 = (162,176,56) **草**、cols0..55 = (169,165,75)，**没有**参考图 `18`（royal）那条 (201,190,142) 金框 —— 我方同列 = (145,184,77)/(119,153,67)，与参考图 20 同类（差在亮度，非缺件）	代码 `client/Assets/Scripts/View/ArenaView.cs`（`BuildOuterRing`/`BuildFenceRow` + 外圈常量块）；本轮实机读数 `.ai-tmp/test/arena2-live.txt`（`OUTER_RING count=12` 逐件 tile 矩形）与带读数 `.ai-tmp/test/arena2-bands.txt`；实机图 `.ai-tmp/screenshots/arena2/AR2-battle-camera.png`（相机面，两条带）；导出穷举 `.ai-tmp/test/arena-outer-table.tsv`（1219 条）；量法 `.ai-tmp/test/arena2-bands.py`；运行 `.ai-tmp/test/arena2-run.ps1`	⚠️ 仍待补（与 D258/D259 同口径）：① 原版 arena dressing 布置表（`anchors.json` 级，本仓不存在）⇒ 两端件的位置口径只能继续是"推断锚"；② 训练场包内**无两侧金框/侧看台件** ⇒ 拿到含该件的训练场素材包后才消除；屏下端（rows1580..1614，仅 34px）读数仍差（暗 44.7% vs 参考图 20 的 0.5%），归因 = 相机竖向取景（场地底沿 1580 几乎贴屏底），⛔ 本片未动相机
D260	10 张卡的投射物在原版图集里没有对应段落（亡灵/MinionSpit、女巫、火枪手、法师、皇家巨人、熔岩猎犬与猎犬幼崽、重甲亡灵、吹箭哥布林、连弩）⇒ 仍退回箭矢图元；另：塔的 TowerPrincessProjectile 已按原作「公主塔射箭」接箭矢段（f437-451），KingProjectile 仍退回箭矢	原版 effects 图集的 413 条 export 里不存在这些投射物自己的段；可用的近似段（fireball_projectile1 f396-425、projectile_infernospirit f452、projectile_arrow_elite f262/359-362、Tower_projectile1 f426-436）段名归属不明或像素对不上 ⇒ 按铁律「写不出出处不许进工程」不接。已接的 14 张卡见 .ai-tmp/test/proj-fix-report.md §1（每张一段，含出处行号）	.ai-tmp/test/proj-fix-scan.py 的 413 条 export 全表 + 逐 .sc 查段名 + .ai-tmp/test/proj-fix-cardmap.py 的兜底清单；View/EffectsView.cs 的 TryGetProjectileFx 与 BattleViewRoot.cs 的 ResolveProjectileFx 留痕键 fx.proj.unknown:<key>	找到权威映射（原版投射物表→图元段的对应关系）时消除
D251	`deployArea_*` 的边条 / 角件**臂长按区域自身连续长度夹取**（`RunLength`），横边条改「逐格判暴露 + 合并连续暴露段」	原版这批件是为**整块矩形**（敌方半场）设计的：角件臂长 1.34×1.21 格；我方公主塔的禁放区是**半径 1 格的菱形（5 格）**、窄处只有 1 格 ⇒ 按件自身像素铺时同处两组角件的臂互穿，画面读成「X」而不是「区域」（用户第 1 条原话）	件像素出处 `原版资源/sc/ui_v215.sc` 的 deployArea 12 件（角件 61×55 / 62×50、边条 61×16 / 13×49；表 `策划/原版UI素材名称索引.md:304-316`）；区域形状本身 = `PlacementIndicator.IsLegalDeploy` 逐格取反（`ASSERT_COVER blockMiss=0 freeCovered=0`）	未消除：这是把「为矩形设计的件」用于任意形状区域时的**渲染适配**（夹取上限 = 区域连续长度）；若拿到原版对菱形禁放区的布置表（`anchors.json` 级，本仓不存在）即可改回不夹取
D258	竞技场**水面颜色**（未消除）：`arena_training` 包的水只有青色（主体 RGB(0,172,216)、暗沿 (0,128,144)），而参考图 `03_对局` 的水是蓝 (91,167,196)→(21,91,115) ⇒ R 通道差 20~91（非压缩/校色可解释）	其它竞技场有更蓝的水（royal (37,111,166) / champion (58,108,178) / barbarian (102,146,200)），但换水即混用座别 art ⇒ 不换；⛔ 不许自造像素	逐图量法（可复跑）	拿到目标竞技场（训练营）那版蓝色水面美术后
D259	竞技场**桥构件**（未消除）：参考图 `03_对局` 的「横向木板桥面 + 两侧蓝灰夹具」在 `arena_training` 包内无同构件（`arena_training_v215.sc` 23 条导出里没有桥、也没有水的独立导出）	⛔ 不旋转原版像素去凑 —— 旋转会改变像素网格，已不是原版像素	f022 车道位测量（px 224..296 × py 594..678，median RGB(208,146,112)）	拿到含桥构件的原版素材后
